获奖, ,《今日短评“你说对不对”》,正声广播公司成功之声,,,新闻节目最佳奖,,第1届,1965,1965年7月10日 (1965-07-10),台湾台北市中山堂,中国台湾,“行政院新闻局”,严家淦(“行政院长”), ,
获奖, ,《哀悼陈副总统（晚祷）》,民防广播电台,,,实况报导最佳奖,,第1届,1965,1965年7月10日 (1965-07-10),台湾台北市中山堂,中国台湾,“行政院新闻局”,严家淦(“行政院长”), ,
获奖, ,《明天》,中国广播公司,,,广播剧最佳奖,,第1届,1965,1965年7月10日 (1965-07-10),台湾台北市中山堂,中国台湾,“行政院新闻局”,严家淦(“行政院长”), ,
获奖, ,《运动衣》,中国广播公司嘉义广播电台,,,小说选播优等奖,,第1届,1965,1965年7月10日 (1965-07-10),台湾台北市中山堂,中国台湾,“行政院新闻局”,严家淦(“行政院长”), ,
获奖, ,《国乐欣赏》,中国广播公司,,,音乐节目最佳奖,,第1届,1965,1965年7月10日 (1965-07-10),台湾台北市中山堂,中国台湾,“行政院新闻局”,严家淦(“行政院长”), ,
获奖, ,《儿童世界》,复兴广播电台宜兰台,,,儿童节目最佳奖,,第1届,1965,1965年7月10日 (1965-07-10),台湾台北市中山堂,中国台湾,“行政院新闻局”,严家淦(“行政院长”), ,
获奖, ,《陆光俱乐部》,军中广播电台,,,综合节目最佳奖,,第1届,1965,1965年7月10日 (1965-07-10),台湾台北市中山堂,中国台湾,“行政院新闻局”,严家淦(“行政院长”), ,
获奖, ,《雪中送炭》,警察广播电台,,,服务节目最佳奖,,第1届,1965,1965年7月10日 (1965-07-10),台湾台北市中山堂,中国台湾,“行政院新闻局”,严家淦(“行政院长”), ,
获奖, ,《国语歌曲》,华声广播电台,,,广告节目最佳奖,,第1届,1965,1965年7月10日 (1965-07-10),台湾台北市中山堂,中国台湾,“行政院新闻局”,严家淦(“行政院长”), ,
获奖, ,《新闻特写－飞向自由》,空军广播电台,,,新闻节目最佳奖,,第2届,1966,1966年3月26日 (1966-03-26),台湾台北市中山堂,中国台湾,“行政院新闻局”,沈剑虹(“行政院新闻局局长”), ,
获奖, ,《凤鸣高冈》,凤鸣广播电台,,,社会服务节目最佳奖,,第2届,1966,1966年3月26日 (1966-03-26),台湾台北市中山堂,中国台湾,“行政院新闻局”,沈剑虹(“行政院新闻局局长”), ,
获奖, ,《英语读本教学》,正声广播公司公益电台,,,教学节目最佳奖,,第2届,1966,1966年3月26日 (1966-03-26),台湾台北市中山堂,中国台湾,“行政院新闻局”,沈剑虹(“行政院新闻局局长”), ,
获奖, ,《我们的家庭》,中国广播公司,,,家庭节目最佳奖,,第2届,1966,1966年3月26日 (1966-03-26),台湾台北市中山堂,中国台湾,“行政院新闻局”,沈剑虹(“行政院新闻局局长”), ,
获奖, ,《泉源》,复兴广播电台,,,广播剧最佳奖,,第2届,1966,1966年3月26日 (1966-03-26),台湾台北市中山堂,中国台湾,“行政院新闻局”,沈剑虹(“行政院新闻局局长”), ,
获奖, ,《正声歌选选播》,正声广播公司,,,音乐节目优等奖,,第2届,1966,1966年3月26日 (1966-03-26),台湾台北市中山堂,中国台湾,“行政院新闻局”,沈剑虹(“行政院新闻局局长”), ,
获奖, ,《空中早会》,警察广播电台,,,综合节目最佳奖,,第2届,1966,1966年3月26日 (1966-03-26),台湾台北市中山堂,中国台湾,“行政院新闻局”,沈剑虹(“行政院新闻局局长”), ,
获奖, ,《大同时间》,凤鸣广播电台,,,广告节目优等奖,,第2届,1966,1966年3月26日 (1966-03-26),台湾台北市中山堂,中国台湾,“行政院新闻局”,沈剑虹(“行政院新闻局局长”), ,
获奖, ,《万众欢腾庆双十》,中央广播电台,,,对大陆新闻节目,特别奖,第2届,1966,1966年3月26日 (1966-03-26),台湾台北市中山堂,中国台湾,“行政院新闻局”,沈剑虹(“行政院新闻局局长”), ,
获奖, ,《一二三俱乐部 》,光华广播电台,,,对大陆心战节目,特别奖,第2届,1966,1966年3月26日 (1966-03-26),台湾台北市中山堂,中国台湾,“行政院新闻局”,沈剑虹(“行政院新闻局局长”), ,
获奖, ,《快乐之门》,正声广播公司农民电台,,,民间艺术节目,特别奖,第2届,1966,1966年3月26日 (1966-03-26),台湾台北市中山堂,中国台湾,“行政院新闻局”,沈剑虹(“行政院新闻局局长”), ,
获奖, ,李用金,《广播剧－谁的错》,,,个人技术“编导奖”最佳奖,特别奖,第2届,1966,1966年3月26日 (1966-03-26),台湾台北市中山堂,中国台湾,“行政院新闻局”,沈剑虹(“行政院新闻局局长”), ,
获奖, ,白茜如,《家庭节目－我们的家庭》,,,个人技术“播音奖”最佳奖,特别奖,第2届,1966,1966年3月26日 (1966-03-26),台湾台北市中山堂,中国台湾,“行政院新闻局”,沈剑虹(“行政院新闻局局长”), ,
最佳奖, ,《匪情分析》,新竹复兴电台,,,新闻评论节目,,第3届,1967,1967年3月26日 (1967-03-26),台湾台北市中山堂,中国台湾,“行政院新闻局”, , ,
优等奖, ,《空中论坛－如何达成文艺战斗化使命》,中广台南电台,,,新闻评论节目,,第3届,1967,1967年3月26日 (1967-03-26),台湾台北市中山堂,中国台湾,“行政院新闻局”, , ,
优等奖, ,《新闻座谈会》,正声广播公司,,,新闻评论节目,,第3届,1967,1967年3月26日 (1967-03-26),台湾台北市中山堂,中国台湾,“行政院新闻局”, , ,
优等奖, ,《就事论事》,警察广播电台,,,新闻评论节目,,第3届,1967,1967年3月26日 (1967-03-26),台湾台北市中山堂,中国台湾,“行政院新闻局”, , ,
最佳奖, ,《新闻特写－谁的责任》,警察广播电台,,,新闻报导节目,,第3届,1967,1967年3月26日 (1967-03-26),台湾台北市中山堂,中国台湾,“行政院新闻局”, , ,
优等奖, ,《录音特写》,中广花莲电台,,,新闻报导节目,,第3届,1967,1967年3月26日 (1967-03-26),台湾台北市中山堂,中国台湾,“行政院新闻局”, , ,
优等奖, ,《中广的新闻报导》,中国广播公司,,,新闻报导节目,,第3届,1967,1967年3月26日 (1967-03-26),台湾台北市中山堂,中国台湾,“行政院新闻局”, , ,
优等奖, ,《万众心声》,台北军中电台,,,新闻报导节目,,第3届,1967,1967年3月26日 (1967-03-26),台湾台北市中山堂,中国台湾,“行政院新闻局”, , ,
最佳奖, ,《九三俱乐部》,中国广播公司,,,社会服务节目,,第3届,1967,1967年3月26日 (1967-03-26),台湾台北市中山堂,中国台湾,“行政院新闻局”, , ,
优等奖, ,《寻人服务》,警察广播电台,,,社会服务节目,,第3届,1967,1967年3月26日 (1967-03-26),台湾台北市中山堂,中国台湾,“行政院新闻局”, , ,
优等奖, ,《好农家》,民立广播电台,,,社会服务节目,,第3届,1967,1967年3月26日 (1967-03-26),台湾台北市中山堂,中国台湾,“行政院新闻局”, , ,
优等奖, ,《请伸出您的手吧》,正声公益电台,,,社会服务节目,,第3届,1967,1967年3月26日 (1967-03-26),台湾台北市中山堂,中国台湾,“行政院新闻局”, , ,
最佳奖, ,《春风化雨》,幼狮广播电台,,,教学节目,,第3届,1967,1967年3月26日 (1967-03-26),台湾台北市中山堂,中国台湾,“行政院新闻局”, , ,
优等奖, ,《广播英语》,军中国光电台,,,教学节目,,第3届,1967,1967年3月26日 (1967-03-26),台湾台北市中山堂,中国台湾,“行政院新闻局”, , ,
优等奖, ,《标竿英语》,复兴广播电台,,,教学节目,,第3届,1967,1967年3月26日 (1967-03-26),台湾台北市中山堂,中国台湾,“行政院新闻局”, , ,
优等奖, ,《算术指导》,教育广播电台,,,教学节目,,第3届,1967,1967年3月26日 (1967-03-26),台湾台北市中山堂,中国台湾,“行政院新闻局”, , ,
优等奖, ,《时代家庭》,胜利之声电台,,,家庭节目,,第3届,1967,1967年3月26日 (1967-03-26),台湾台北市中山堂,中国台湾,“行政院新闻局”, , ,
优等奖, ,《齐家之道》,复兴冈军中电台,,,家庭节目,,第3届,1967,1967年3月26日 (1967-03-26),台湾台北市中山堂,中国台湾,“行政院新闻局”, , ,
最佳奖, ,《儿童乐园》,警察广播电台,,,儿童节目,,第3届,1967,1967年3月26日 (1967-03-26),台湾台北市中山堂,中国台湾,“行政院新闻局”, , ,
优等奖, ,《快乐儿童》,中国广播公司,,,儿童节目,,第3届,1967,1967年3月26日 (1967-03-26),台湾台北市中山堂,中国台湾,“行政院新闻局”, , ,
优等奖, ,《正声儿童交谊厅》,正声正言电台,,,儿童节目,,第3届,1967,1967年3月26日 (1967-03-26),台湾台北市中山堂,中国台湾,“行政院新闻局”, , ,
优等奖, ,《正声儿童乐园》,正声广播公司,,,儿童节目,,第3届,1967,1967年3月26日 (1967-03-26),台湾台北市中山堂,中国台湾,“行政院新闻局”, , ,
优等奖, ,《百百乐园》,天南广播电台,,,广告节目,,第3届,1967,1967年3月26日 (1967-03-26),台湾台北市中山堂,中国台湾,“行政院新闻局”, , ,
优等奖, ,《活力的泉源》,中华广播电台,,,广告节目,,第3届,1967,1967年3月26日 (1967-03-26),台湾台北市中山堂,中国台湾,“行政院新闻局”, , ,
优等奖, ,《正点插播》,正声广播公司,,,广告节目,,第3届,1967,1967年3月26日 (1967-03-26),台湾台北市中山堂,中国台湾,“行政院新闻局”, , ,
最佳奖, ,《反抗运动－打着红旗反红旗》,中央广播电台,,,对大陆广播节目,,第3届,1967,1967年3月26日 (1967-03-26),台湾台北市中山堂,中国台湾,“行政院新闻局”, , ,
优等奖, ,《轻轻地讲》,正义之声电台,,,对大陆广播节目,,第3届,1967,1967年3月26日 (1967-03-26),台湾台北市中山堂,中国台湾,“行政院新闻局”, , ,
优等奖, ,《红旗恨》,光华金门电台,,,对大陆广播节目,,第3届,1967,1967年3月26日 (1967-03-26),台湾台北市中山堂,中国台湾,“行政院新闻局”, , ,
优等奖, ,《立志东飞》,台中空军电台,,,对大陆广播节目,,第3届,1967,1967年3月26日 (1967-03-26),台湾台北市中山堂,中国台湾,“行政院新闻局”, , ,
最佳奖, ,《橘绿橙黄时》,复兴广播电台,,,广播剧,,第3届,1967,1967年3月26日 (1967-03-26),台湾台北市中山堂,中国台湾,“行政院新闻局”, , ,
优等奖, ,《万古长青》,台北军中电台,,,广播剧,,第3届,1967,1967年3月26日 (1967-03-26),台湾台北市中山堂,中国台湾,“行政院新闻局”, , ,
优等奖, ,《蒋总统万岁》,中央广播电台,,,广播剧,,第3届,1967,1967年3月26日 (1967-03-26),台湾台北市中山堂,中国台湾,“行政院新闻局”, , ,
优等奖, ,《我的座右铭－恒以爱心待人》,民防广播电台,,,广播剧,,第3届,1967,1967年3月26日 (1967-03-26),台湾台北市中山堂,中国台湾,“行政院新闻局”, , ,
最佳奖, ,《音乐花束》,台北军中电台,,,音乐节目,,第3届,1967,1967年3月26日 (1967-03-26),台湾台北市中山堂,中国台湾,“行政院新闻局”, , ,
优等奖, ,《三军祝寿音乐会》,凤鸣广播电台,,,音乐节目,,第3届,1967,1967年3月26日 (1967-03-26),台湾台北市中山堂,中国台湾,“行政院新闻局”, , ,
优等奖, ,《国乐演奏》,正声正言电台,,,音乐节目,,第3届,1967,1967年3月26日 (1967-03-26),台湾台北市中山堂,中国台湾,“行政院新闻局”, , ,
优等奖, ,《美丽的旋律》,电声广播电台,,,音乐节目,,第3届,1967,1967年3月26日 (1967-03-26),台湾台北市中山堂,中国台湾,“行政院新闻局”, , ,
最佳奖, ,《国军新文艺》,空军广播电台,,,综合节目,,第3届,1967,1967年3月26日 (1967-03-26),台湾台北市中山堂,中国台湾,“行政院新闻局”, , ,
优等奖, ,《早晨的公园》,中国广播公司,,,综合节目,,第3届,1967,1967年3月26日 (1967-03-26),台湾台北市中山堂,中国台湾,“行政院新闻局”, , ,
优等奖, ,《大哥与我》,凤鸣广播电台,,,综合节目,,第3届,1967,1967年3月26日 (1967-03-26),台湾台北市中山堂,中国台湾,“行政院新闻局”, , ,
优等奖, ,《柳营风光》,台北军中电台,,,综合节目,,第3届,1967,1967年3月26日 (1967-03-26),台湾台北市中山堂,中国台湾,“行政院新闻局”, , ,
最佳奖, ,张瑞玉、白银,《快乐儿童》,,,编导奖,,第3届,1967,1967年3月26日 (1967-03-26),台湾台北市中山堂,中国台湾,“行政院新闻局”, , ,
优等奖, ,韩锋,《大哥与我》,,,编导奖,,第3届,1967,1967年3月26日 (1967-03-26),台湾台北市中山堂,中国台湾,“行政院新闻局”, , ,
优等奖, ,文从道,《录音特写》,,,编导奖,,第3届,1967,1967年3月26日 (1967-03-26),台湾台北市中山堂,中国台湾,“行政院新闻局”, , ,
优等奖, ,陈煌、金培凯,《反抗运动－打着红旗反红旗》,,,编导奖,,第3届,1967,1967年3月26日 (1967-03-26),台湾台北市中山堂,中国台湾,“行政院新闻局”, , ,
最佳奖, ,沈宏毅,《早晨的公园》,,,播音奖,,第3届,1967,1967年3月26日 (1967-03-26),台湾台北市中山堂,中国台湾,“行政院新闻局”, , ,
优等奖, ,徐谦,《九三俱乐部》,,,播音奖,,第3届,1967,1967年3月26日 (1967-03-26),台湾台北市中山堂,中国台湾,“行政院新闻局”, , ,
优等奖, ,方小蕙,《儿童乐园》,,,播音奖,,第3届,1967,1967年3月26日 (1967-03-26),台湾台北市中山堂,中国台湾,“行政院新闻局”, , ,
优等奖, ,王倩伊,《轻轻地讲》,,,播音奖,,第3届,1967,1967年3月26日 (1967-03-26),台湾台北市中山堂,中国台湾,“行政院新闻局”, , ,
最佳奖, ,《大众论坛“复兴中华文化大专辩论会”》,中国广播公司台中广播电台,,,新闻评论节目,,第4届,1968,1968年3月26日 (1968-03-26),台湾台北市中山堂,中国台湾,“教育部文化局”,王洪钧(“文化局长”), ,
优等奖, ,《空中漫谈》,军中播音总队国光军中电台,,,新闻评论节目,,第4届,1968,1968年3月26日 (1968-03-26),台湾台北市中山堂,中国台湾,“教育部文化局”,王洪钧(“文化局长”), ,
优等奖, ,《就事论事》,中国广播公司花莲广播电台,,,新闻评论节目,,第4届,1968,1968年3月26日 (1968-03-26),台湾台北市中山堂,中国台湾,“教育部文化局”,王洪钧(“文化局长”), ,
优等奖, ,《每月评论“平心而论”》,建国广播电台,,,新闻评论节目,,第4届,1968,1968年3月26日 (1968-03-26),台湾台北市中山堂,中国台湾,“教育部文化局”,王洪钧(“文化局长”), ,
最佳奖, ,《访问录音“民航波音七二七机意外事件录音报导”》,警察广播电台,,,新闻报导节目,,第4届,1968,1968年3月26日 (1968-03-26),台湾台北市中山堂,中国台湾,“教育部文化局”,王洪钧(“文化局长”), ,
优等奖, ,《新闻报导“严副总统访美特别报导”》,中国广播公司,,,新闻报导节目,,第4届,1968,1968年3月26日 (1968-03-26),台湾台北市中山堂,中国台湾,“教育部文化局”,王洪钧(“文化局长”), ,
优等奖, ,《南京演习实况剪辑》,军中播音总队左营军中电台,,,新闻报导节目,,第4届,1968,1968年3月26日 (1968-03-26),台湾台北市中山堂,中国台湾,“教育部文化局”,王洪钧(“文化局长”), ,
优等奖, ,《新闻特写“草寮春暖”》,中国广播公司台中广播电台,,,新闻报导节目,,第4届,1968,1968年3月26日 (1968-03-26),台湾台北市中山堂,中国台湾,“教育部文化局”,王洪钧(“文化局长”), ,
优等奖, ,《青年创造时代》,中央广播电台,,,新闻报导节目,,第4届,1968,1968年3月26日 (1968-03-26),台湾台北市中山堂,中国台湾,“教育部文化局”,王洪钧(“文化局长”), ,
最佳奖, ,《阳光普照》,凤鸣广播电台,,,社会服务节目,,第4届,1968,1968年3月26日 (1968-03-26),台湾台北市中山堂,中国台湾,“教育部文化局”,王洪钧(“文化局长”), ,
优等奖, ,《警民的话》,正声云林广播电台,,,社会服务节目,,第4届,1968,1968年3月26日 (1968-03-26),台湾台北市中山堂,中国台湾,“教育部文化局”,王洪钧(“文化局长”), ,
优等奖, ,《快乐之门》,花莲复兴广播电台,,,社会服务节目,,第4届,1968,1968年3月26日 (1968-03-26),台湾台北市中山堂,中国台湾,“教育部文化局”,王洪钧(“文化局长”), ,
优等奖, ,《宜兰县统一升旗典礼》,宜兰民本广播电台,,,社会服务节目,,第4届,1968,1968年3月26日 (1968-03-26),台湾台北市中山堂,中国台湾,“教育部文化局”,王洪钧(“文化局长”), ,
最佳奖, ,《我们的园地》,军中播音总队台北军中电台,,,教学节目,,第4届,1968,1968年3月26日 (1968-03-26),台湾台北市中山堂,中国台湾,“教育部文化局”,王洪钧(“文化局长”), ,
优等奖, ,《柳风英语》,民防广播电台,,,教学节目,,第4届,1968,1968年3月26日 (1968-03-26),台湾台北市中山堂,中国台湾,“教育部文化局”,王洪钧(“文化局长”), ,
优等奖, ,《海军一周》,军中播音总队左营军中电台,,,教学节目,,第4届,1968,1968年3月26日 (1968-03-26),台湾台北市中山堂,中国台湾,“教育部文化局”,王洪钧(“文化局长”), ,
优等奖, ,《春风化雨》,幼狮广播电台,,,教学节目,,第4届,1968,1968年3月26日 (1968-03-26),台湾台北市中山堂,中国台湾,“教育部文化局”,王洪钧(“文化局长”), ,
最佳奖, ,《我们的家庭》,中国广播公司,,,家庭节目,,第4届,1968,1968年3月26日 (1968-03-26),台湾台北市中山堂,中国台湾,“教育部文化局”,王洪钧(“文化局长”), ,
优等奖, ,《余凤信箱》,凤鸣广播电台,,,家庭节目,,第4届,1968,1968年3月26日 (1968-03-26),台湾台北市中山堂,中国台湾,“教育部文化局”,王洪钧(“文化局长”), ,
优等奖, ,《幸福家庭》,民立广播电台,,,家庭节目,,第4届,1968,1968年3月26日 (1968-03-26),台湾台北市中山堂,中国台湾,“教育部文化局”,王洪钧(“文化局长”), ,
最佳奖, ,《模范儿童》,电声广播电台,,,儿童节目,,第4届,1968,1968年3月26日 (1968-03-26),台湾台北市中山堂,中国台湾,“教育部文化局”,王洪钧(“文化局长”), ,
优等奖, ,《正声儿童乐园》,正声广播公司,,,儿童节目,,第4届,1968,1968年3月26日 (1968-03-26),台湾台北市中山堂,中国台湾,“教育部文化局”,王洪钧(“文化局长”), ,
最佳奖, ,《玛莉歌锦》,民声广播电台,,,广告节目,,第4届,1968,1968年3月26日 (1968-03-26),台湾台北市中山堂,中国台湾,“教育部文化局”,王洪钧(“文化局长”), ,
优等奖, ,《琴韵歌声》,中国广播公司,,,广告节目,,第4届,1968,1968年3月26日 (1968-03-26),台湾台北市中山堂,中国台湾,“教育部文化局”,王洪钧(“文化局长”), ,
最佳奖, ,《我的座右铭－爱与罚》,民防广播电台,,,广播剧,,第4届,1968,1968年3月26日 (1968-03-26),台湾台北市中山堂,中国台湾,“教育部文化局”,王洪钧(“文化局长”), ,
优等奖, ,《复兴之家》,中国广播公司,,,广播剧,,第4届,1968,1968年3月26日 (1968-03-26),台湾台北市中山堂,中国台湾,“教育部文化局”,王洪钧(“文化局长”), ,
优等奖, ,《一付眼镜千滴泪》,警察广播电台,,,广播剧,,第4届,1968,1968年3月26日 (1968-03-26),台湾台北市中山堂,中国台湾,“教育部文化局”,王洪钧(“文化局长”), ,
优等奖, ,《孔雀东南飞》,胜利之声广播电台,,,广播剧,,第4届,1968,1968年3月26日 (1968-03-26),台湾台北市中山堂,中国台湾,“教育部文化局”,王洪钧(“文化局长”), ,
最佳奖, ,《音乐风》,中国广播公司,,,音乐节目,,第4届,1968,1968年3月26日 (1968-03-26),台湾台北市中山堂,中国台湾,“教育部文化局”,王洪钧(“文化局长”), ,
优等奖, ,《音乐花园》,华声广播电台,,,音乐节目,,第4届,1968,1968年3月26日 (1968-03-26),台湾台北市中山堂,中国台湾,“教育部文化局”,王洪钧(“文化局长”), ,
优等奖, ,《爱国歌曲选播》,民防广播电台,,,音乐节目,,第4届,1968,1968年3月26日 (1968-03-26),台湾台北市中山堂,中国台湾,“教育部文化局”,王洪钧(“文化局长”), ,
优等奖, ,《音乐欣赏“音乐与民族复兴”》,宜兰复兴广播电台,,,音乐节目,,第4届,1968,1968年3月26日 (1968-03-26),台湾台北市中山堂,中国台湾,“教育部文化局”,王洪钧(“文化局长”), ,
最佳奖, ,《今日台东》,中国广播公司台东广播电台,,,综合节目,,第4届,1968,1968年3月26日 (1968-03-26),台湾台北市中山堂,中国台湾,“教育部文化局”,王洪钧(“文化局长”), ,
优等奖, ,《假日乐园：“春联的启示”》,中国广播公司新竹广播电台,,,综合节目,,第4届,1968,1968年3月26日 (1968-03-26),台湾台北市中山堂,中国台湾,“教育部文化局”,王洪钧(“文化局长”), ,
优等奖, ,《军中晨光》,军中播音总队台北军中电台,,,综合节目,,第4届,1968,1968年3月26日 (1968-03-26),台湾台北市中山堂,中国台湾,“教育部文化局”,王洪钧(“文化局长”), ,
优等奖, ,《澎湖夜谭》,军中播音总队澎湖军中电台,,,综合节目,,第4届,1968,1968年3月26日 (1968-03-26),台湾台北市中山堂,中国台湾,“教育部文化局”,王洪钧(“文化局长”), ,
最佳奖, ,《平心而论》,中国广播公司台南广播电台,,一般节目奖,新闻评论节目,,第5届,1969,1969年3月26日 (1969-03-26),台湾台中市教师会馆,中国台湾,“教育部文化局”,阎振兴(“教育部长”), ,
优等奖, ,《匪情分析》,复兴广播电台,,一般节目奖,新闻评论节目,,第5届,1969,1969年3月26日 (1969-03-26),台湾台中市教师会馆,中国台湾,“教育部文化局”,阎振兴(“教育部长”), ,
优等奖, ,《就事论事》,中国广播公司花莲广播电台,,一般节目奖,新闻评论节目,,第5届,1969,1969年3月26日 (1969-03-26),台湾台中市教师会馆,中国台湾,“教育部文化局”,阎振兴(“教育部长”), ,
优等奖, ,《台湾省实施九年国民教育空中座谈会》,中国广播公司台湾广播电台,,一般节目奖,新闻评论节目,,第5届,1969,1969年3月26日 (1969-03-26),台湾台中市教师会馆,中国台湾,“教育部文化局”,阎振兴(“教育部长”), ,
最佳奖, ,《二届亚洲女篮赛实况转播》,警察广播电台,,一般节目奖,新闻报导节目,,第5届,1969,1969年3月26日 (1969-03-26),台湾台中市教师会馆,中国台湾,“教育部文化局”,阎振兴(“教育部长”), ,
优等奖, ,《录音报导》,军中播音总队桃园军中电台,,一般节目奖,新闻报导节目,,第5届,1969,1969年3月26日 (1969-03-26),台湾台中市教师会馆,中国台湾,“教育部文化局”,阎振兴(“教育部长”), ,
优等奖, ,《新闻报导》,中国广播公司台东广播电台,,一般节目奖,新闻报导节目,,第5届,1969,1969年3月26日 (1969-03-26),台湾台中市教师会馆,中国台湾,“教育部文化局”,阎振兴(“教育部长”), ,
优等奖, ,《化雨春风》,中国广播公司台南广播电台,,一般节目奖,新闻报导节目,,第5届,1969,1969年3月26日 (1969-03-26),台湾台中市教师会馆,中国台湾,“教育部文化局”,阎振兴(“教育部长”), ,
最佳奖, ,《桃园夜谭》,军中播音总队桃园军中电台,,一般节目奖,社会服务节目,,第5届,1969,1969年3月26日 (1969-03-26),台湾台中市教师会馆,中国台湾,“教育部文化局”,阎振兴(“教育部长”), ,
优等奖, ,《寻人服务》,警察广播电台,,一般节目奖,社会服务节目,,第5届,1969,1969年3月26日 (1969-03-26),台湾台中市教师会馆,中国台湾,“教育部文化局”,阎振兴(“教育部长”), ,
优等奖, ,《幼狮天地》,幼狮广播电台,,一般节目奖,社会服务节目,,第5届,1969,1969年3月26日 (1969-03-26),台湾台中市教师会馆,中国台湾,“教育部文化局”,阎振兴(“教育部长”), ,
优等奖, ,《渔民时间》,中国广播公司,,一般节目奖,社会服务节目,,第5届,1969,1969年3月26日 (1969-03-26),台湾台中市教师会馆,中国台湾,“教育部文化局”,阎振兴(“教育部长”), ,
最佳奖, ,《我爱中华》,军中播音总队国光军中电台,,一般节目奖,教学节目,,第5届,1969,1969年3月26日 (1969-03-26),台湾台中市教师会馆,中国台湾,“教育部文化局”,阎振兴(“教育部长”), ,
优等奖, ,《空中英语教学》,幼狮广播电台,,一般节目奖,教学节目,,第5届,1969,1969年3月26日 (1969-03-26),台湾台中市教师会馆,中国台湾,“教育部文化局”,阎振兴(“教育部长”), ,
优等奖, ,《英语文摘》,空军广播电台,,一般节目奖,教学节目,,第5届,1969,1969年3月26日 (1969-03-26),台湾台中市教师会馆,中国台湾,“教育部文化局”,阎振兴(“教育部长”), ,
优等奖, ,《益世国文》,益世广播电台,,一般节目奖,教学节目,,第5届,1969,1969年3月26日 (1969-03-26),台湾台中市教师会馆,中国台湾,“教育部文化局”,阎振兴(“教育部长”), ,
最佳奖, ,《军眷俱乐部》,军中播音总队台北军中电台,,一般节目奖,家庭节目,,第5届,1969,1969年3月26日 (1969-03-26),台湾台中市教师会馆,中国台湾,“教育部文化局”,阎振兴(“教育部长”), ,
优等奖, ,《柳青时间》,中国广播公司,,一般节目奖,家庭节目,,第5届,1969,1969年3月26日 (1969-03-26),台湾台中市教师会馆,中国台湾,“教育部文化局”,阎振兴(“教育部长”), ,
优等奖, ,《幸福家庭》,凤鸣广播电台,,一般节目奖,家庭节目,,第5届,1969,1969年3月26日 (1969-03-26),台湾台中市教师会馆,中国台湾,“教育部文化局”,阎振兴(“教育部长”), ,
优等奖, ,《时代家庭》,电声广播电台,,一般节目奖,家庭节目,,第5届,1969,1969年3月26日 (1969-03-26),台湾台中市教师会馆,中国台湾,“教育部文化局”,阎振兴(“教育部长”), ,
最佳奖, ,《天使之歌》,幼狮广播电台,,一般节目奖,儿童节目,,第5届,1969,1969年3月26日 (1969-03-26),台湾台中市教师会馆,中国台湾,“教育部文化局”,阎振兴(“教育部长”), ,
优等奖, ,《漫谈国民生活及儿童歌曲欣赏》,中国广播公司苗栗广播电台,,一般节目奖,儿童节目,,第5届,1969,1969年3月26日 (1969-03-26),台湾台中市教师会馆,中国台湾,“教育部文化局”,阎振兴(“教育部长”), ,
优等奖, ,《儿童世界》,中国广播公司,,一般节目奖,儿童节目,,第5届,1969,1969年3月26日 (1969-03-26),台湾台中市教师会馆,中国台湾,“教育部文化局”,阎振兴(“教育部长”), ,
优等奖, ,《快乐儿童》,中国广播公司,,一般节目奖,儿童节目,,第5届,1969,1969年3月26日 (1969-03-26),台湾台中市教师会馆,中国台湾,“教育部文化局”,阎振兴(“教育部长”), ,
最佳奖, ,《国货橱窗》,凤鸣广播电台,,一般节目奖,广告节目,,第5届,1969,1969年3月26日 (1969-03-26),台湾台中市教师会馆,中国台湾,“教育部文化局”,阎振兴(“教育部长”), ,
优等奖, ,《口味儿之声》,震华广播电台,,一般节目奖,广告节目,,第5届,1969,1969年3月26日 (1969-03-26),台湾台中市教师会馆,中国台湾,“教育部文化局”,阎振兴(“教育部长”), ,
优等奖, ,《玛俐时间》,电声广播电台,,一般节目奖,广告节目,,第5届,1969,1969年3月26日 (1969-03-26),台湾台中市教师会馆,中国台湾,“教育部文化局”,阎振兴(“教育部长”), ,
优等奖, ,《文化走廊》,正声广播公司公益广播电台,,一般节目奖,广告节目,,第5届,1969,1969年3月26日 (1969-03-26),台湾台中市教师会馆,中国台湾,“教育部文化局”,阎振兴(“教育部长”), ,
最佳奖, ,《英雄的献礼》,正声广播电台,,一般节目奖,戏剧节目,,第5届,1969,1969年3月26日 (1969-03-26),台湾台中市教师会馆,中国台湾,“教育部文化局”,阎振兴(“教育部长”), ,
优等奖, ,《义父》,军中播音总队台北军中电台,,一般节目奖,戏剧节目,,第5届,1969,1969年3月26日 (1969-03-26),台湾台中市教师会馆,中国台湾,“教育部文化局”,阎振兴(“教育部长”), ,
优等奖, ,《做好一个中国人》,警察广播电台,,一般节目奖,戏剧节目,,第5届,1969,1969年3月26日 (1969-03-26),台湾台中市教师会馆,中国台湾,“教育部文化局”,阎振兴(“教育部长”), ,
优等奖, ,《平剧常识》,成未s播电台,,一般节目奖,戏剧节目,,第5届,1969,1969年3月26日 (1969-03-26),台湾台中市教师会馆,中国台湾,“教育部文化局”,阎振兴(“教育部长”), ,
最佳奖, ,《音乐小品》,复兴岗军中广播电台,,一般节目奖,音乐节目,,第5届,1969,1969年3月26日 (1969-03-26),台湾台中市教师会馆,中国台湾,“教育部文化局”,阎振兴(“教育部长”), ,
优等奖, ,《音乐厅》,复兴广播电台,,一般节目奖,音乐节目,,第5届,1969,1969年3月26日 (1969-03-26),台湾台中市教师会馆,中国台湾,“教育部文化局”,阎振兴(“教育部长”), ,
优等奖, ,《凤鸣高岗》,凤鸣广播电台,,一般节目奖,音乐节目,,第5届,1969,1969年3月26日 (1969-03-26),台湾台中市教师会馆,中国台湾,“教育部文化局”,阎振兴(“教育部长”), ,
优等奖, ,《交响乐时间》,民防广播电台,,一般节目奖,音乐节目,,第5届,1969,1969年3月26日 (1969-03-26),台湾台中市教师会馆,中国台湾,“教育部文化局”,阎振兴(“教育部长”), ,
最佳奖, ,《妙语轻歌》,凤鸣广播电台,,一般节目奖,综合娱乐节目,,第5届,1969,1969年3月26日 (1969-03-26),台湾台中市教师会馆,中国台湾,“教育部文化局”,阎振兴(“教育部长”), ,
优等奖, ,《胜利园地》,胜利之声广播电台,,一般节目奖,综合娱乐节目,,第5届,1969,1969年3月26日 (1969-03-26),台湾台中市教师会馆,中国台湾,“教育部文化局”,阎振兴(“教育部长”), ,
优等奖, ,《三军官兵空中庆生晚会》,军中播音总队台北军中电台,,一般节目奖,综合娱乐节目,,第5届,1969,1969年3月26日 (1969-03-26),台湾台中市教师会馆,中国台湾,“教育部文化局”,阎振兴(“教育部长”), ,
优等奖, ,《东台湾》,中国广播公司花莲广播电台,,一般节目奖,综合娱乐节目,,第5届,1969,1969年3月26日 (1969-03-26),台湾台中市教师会馆,中国台湾,“教育部文化局”,阎振兴(“教育部长”), ,
最佳奖, ,《山城号角》,中国广播公司苗栗广播电台,,一般节目奖,综合文艺节目,,第5届,1969,1969年3月26日 (1969-03-26),台湾台中市教师会馆,中国台湾,“教育部文化局”,阎振兴(“教育部长”), ,
优等奖, ,《新文艺号角》,军中播音总队台北军中电台,,一般节目奖,综合文艺节目,,第5届,1969,1969年3月26日 (1969-03-26),台湾台中市教师会馆,中国台湾,“教育部文化局”,阎振兴(“教育部长”), ,
优等奖, ,《这一代》,凤鸣广播电台,,一般节目奖,综合文艺节目,,第5届,1969,1969年3月26日 (1969-03-26),台湾台中市教师会馆,中国台湾,“教育部文化局”,阎振兴(“教育部长”), ,
优等奖, ,《安平晚唱》,中国广播公司台南广播电台,,一般节目奖,综合文艺节目,,第5届,1969,1969年3月26日 (1969-03-26),台湾台中市教师会馆,中国台湾,“教育部文化局”,阎振兴(“教育部长”), ,
特别奖, ,《战斗文艺》,苗栗复兴广播电台,,一般节目奖,综合文艺节目,,第5届,1969,1969年3月26日 (1969-03-26),台湾台中市教师会馆,中国台湾,“教育部文化局”,阎振兴(“教育部长”), ,
最佳奖, ,《飞向自由》,空军广播电台,,对大陆广播节目奖,新闻评论节目,,第5届,1969,1969年3月26日 (1969-03-26),台湾台中市教师会馆,中国台湾,“教育部文化局”,阎振兴(“教育部长”), ,
优等奖, ,《新闻分析》,光华广播电台,,对大陆广播节目奖,新闻评论节目,,第5届,1969,1969年3月26日 (1969-03-26),台湾台中市教师会馆,中国台湾,“教育部文化局”,阎振兴(“教育部长”), ,
优等奖, ,《一周评论》,正义之声广播电台,,对大陆广播节目奖,新闻评论节目,,第5届,1969,1969年3月26日 (1969-03-26),台湾台中市教师会馆,中国台湾,“教育部文化局”,阎振兴(“教育部长”), ,
优等奖, ,《中华文化万古常新》,中央广播电台,,对大陆广播节目奖,新闻评论节目,,第5届,1969,1969年3月26日 (1969-03-26),台湾台中市教师会馆,中国台湾,“教育部文化局”,阎振兴(“教育部长”), ,
最佳奖, ,《马思聪的心声》,中央广播电台,,对大陆广播节目奖,新闻报导节目,,第5届,1969,1969年3月26日 (1969-03-26),台湾台中市教师会馆,中国台湾,“教育部文化局”,阎振兴(“教育部长”), ,
优等奖, ,《共产集团以外的世界》,正义之声广播电台,,对大陆广播节目奖,新闻报导节目,,第5届,1969,1969年3月26日 (1969-03-26),台湾台中市教师会馆,中国台湾,“教育部文化局”,阎振兴(“教育部长”), ,
优等奖, ,《新闻报导》,空军广播电台,,对大陆广播节目奖,新闻报导节目,,第5届,1969,1969年3月26日 (1969-03-26),台湾台中市教师会馆,中国台湾,“教育部文化局”,阎振兴(“教育部长”), ,
最佳奖, ,《戏曲选播》,光华广播电台金门台,,对大陆广播节目奖,综合文艺节目,,第5届,1969,1969年3月26日 (1969-03-26),台湾台中市教师会馆,中国台湾,“教育部文化局”,阎振兴(“教育部长”), ,
优等奖, ,《自由的欢唱》,光华广播电台,,对大陆广播节目奖,综合文艺节目,,第5届,1969,1969年3月26日 (1969-03-26),台湾台中市教师会馆,中国台湾,“教育部文化局”,阎振兴(“教育部长”), ,
优等奖, ,《空军玫瑰》,空军广播电台,,对大陆广播节目奖,综合文艺节目,,第5届,1969,1969年3月26日 (1969-03-26),台湾台中市教师会馆,中国台湾,“教育部文化局”,阎振兴(“教育部长”), ,
优等奖, ,《红旗恨》,光华广播电台,,对大陆广播节目奖,综合文艺节目,,第5届,1969,1969年3月26日 (1969-03-26),台湾台中市教师会馆,中国台湾,“教育部文化局”,阎振兴(“教育部长”), ,
最佳奖, ,《反抗运动－三结合》,中央广播电台,,对大陆广播节目奖,特定节目,,第5届,1969,1969年3月26日 (1969-03-26),台湾台中市教师会馆,中国台湾,“教育部文化局”,阎振兴(“教育部长”), ,
优等奖, ,《青年创造时代》,正义之声广播电台,,对大陆广播节目奖,特定节目,,第5届,1969,1969年3月26日 (1969-03-26),台湾台中市教师会馆,中国台湾,“教育部文化局”,阎振兴(“教育部长”), ,
优等奖, ,《自由光明之路》,军中播音总队澎湖军中电台,,对大陆广播节目奖,特定节目,,第5届,1969,1969年3月26日 (1969-03-26),台湾台中市教师会馆,中国台湾,“教育部文化局”,阎振兴(“教育部长”), ,
优等奖, ,《自由光明之路》,军中播音总队国光军中电台,,对大陆广播节目奖,特定节目,,第5届,1969,1969年3月26日 (1969-03-26),台湾台中市教师会馆,中国台湾,“教育部文化局”,阎振兴(“教育部长”), ,
最佳奖,文从道,《化雨春风》,中国广播公司台南广播电台,,个人技术奖,编辑奖,,第5届,1969,1969年3月26日 (1969-03-26),台湾台中市教师会馆,中国台湾,“教育部文化局”,阎振兴(“教育部长”), ,
优等奖,李伯泉,《共产集团以外的世界“幸福家庭”》,益世广播电台,,个人技术奖,编辑奖,,第5届,1969,1969年3月26日 (1969-03-26),台湾台中市教师会馆,中国台湾,“教育部文化局”,阎振兴(“教育部长”), ,
优等奖,张拓芜,《戏曲选播》,光华广播电台金门台,,个人技术奖,编辑奖,,第5届,1969,1969年3月26日 (1969-03-26),台湾台中市教师会馆,中国台湾,“教育部文化局”,阎振兴(“教育部长”), ,
优等奖,冯逵礽,《桃园夜谭》,军中播音总队桃园军中电台,,个人技术奖,编辑奖,,第5届,1969,1969年3月26日 (1969-03-26),台湾台中市教师会馆,中国台湾,“教育部文化局”,阎振兴(“教育部长”), ,
最佳奖,郑庆龙,《巧夺天工》,中国广播公司嘉义广播电台,,个人技术奖,导播奖,,第5届,1969,1969年3月26日 (1969-03-26),台湾台中市教师会馆,中国台湾,“教育部文化局”,阎振兴(“教育部长”), ,
优等奖,唐　冀,《义父》,军中播音总队台北军中电台,,个人技术奖,导播奖,,第5届,1969,1969年3月26日 (1969-03-26),台湾台中市教师会馆,中国台湾,“教育部文化局”,阎振兴(“教育部长”), ,
优等奖,冯逵礽,《桃园夜谭》,军中播音总队桃园军中电台,,个人技术奖,导播奖,,第5届,1969,1969年3月26日 (1969-03-26),台湾台中市教师会馆,中国台湾,“教育部文化局”,阎振兴(“教育部长”), ,
优等奖,金培凯,《三结合》,中央广播电台,,个人技术奖,导播奖,,第5届,1969,1969年3月26日 (1969-03-26),台湾台中市教师会馆,中国台湾,“教育部文化局”,阎振兴(“教育部长”), ,
最佳奖,武　莉,《义父》,军中播音总队台北军中电台,,个人技术奖,播音奖,,第5届,1969,1969年3月26日 (1969-03-26),台湾台中市教师会馆,中国台湾,“教育部文化局”,阎振兴(“教育部长”), ,
优等奖,徐士弘,《平剧常识》,成功广播电台,,个人技术奖,播音奖,,第5届,1969,1969年3月26日 (1969-03-26),台湾台中市教师会馆,中国台湾,“教育部文化局”,阎振兴(“教育部长”), ,
优等奖,李景光,《凤鸣高岗》,凤鸣广播电台,,个人技术奖,播音奖,,第5届,1969,1969年3月26日 (1969-03-26),台湾台中市教师会馆,中国台湾,“教育部文化局”,阎振兴(“教育部长”), ,
优等奖,陈来英,《花莲港》,军中播音总队花莲军中电台,,个人技术奖,播音奖,,第5届,1969,1969年3月26日 (1969-03-26),台湾台中市教师会馆,中国台湾,“教育部文化局”,阎振兴(“教育部长”), ,
最佳奖,耿震寰,《新闻报导》,中国广播公司台东广播电台,,个人技术奖,采访奖,,第5届,1969,1969年3月26日 (1969-03-26),台湾台中市教师会馆,中国台湾,“教育部文化局”,阎振兴(“教育部长”), ,
优等奖,刘俊发,《寻人服务》,警察广播电台,,个人技术奖,采访奖,,第5届,1969,1969年3月26日 (1969-03-26),台湾台中市教师会馆,中国台湾,“教育部文化局”,阎振兴(“教育部长”), ,
优等奖,陈来英,《花莲港》,军中播音总队花莲军中电台,,个人技术奖,采访奖,,第5届,1969,1969年3月26日 (1969-03-26),台湾台中市教师会馆,中国台湾,“教育部文化局”,阎振兴(“教育部长”), ,
优等奖,刘　梅,《海军一周》,军中播音总队左营军中电台,,个人技术奖,采访奖,,第5届,1969,1969年3月26日 (1969-03-26),台湾台中市教师会馆,中国台湾,“教育部文化局”,阎振兴(“教育部长”), ,
特别奖,涂裔辉,《马思聪的心声》,中央广播电台,,个人技术奖,采访奖,,第5届,1969,1969年3月26日 (1969-03-26),台湾台中市教师会馆,中国台湾,“教育部文化局”,阎振兴(“教育部长”), ,
最佳奖, ,《新闻座谈会》,凤鸣广播电台,,一般广播节目奖,新闻评论节目,,第6届,1970,1970年3月25日 (1970-03-25),台湾台北市统一饭店,中国台湾,“教育部文化局”,锺皎光(“教育部长”), ,
优等奖, ,《匪情分析座谈会》,复兴广播电台,,一般广播节目奖,新闻评论节目,,第6届,1970,1970年3月25日 (1970-03-25),台湾台北市统一饭店,中国台湾,“教育部文化局”,锺皎光(“教育部长”), ,
优等奖, ,《每月论坛》,中国广播公司台南广播电台,,一般广播节目奖,新闻评论节目,,第6届,1970,1970年3月25日 (1970-03-25),台湾台北市统一饭店,中国台湾,“教育部文化局”,锺皎光(“教育部长”), ,
优等奖, ,《就事论事》,警察广播电台,,一般广播节目奖,新闻评论节目,,第6届,1970,1970年3月25日 (1970-03-25),台湾台北市统一饭店,中国台湾,“教育部文化局”,锺皎光(“教育部长”), ,
最佳奖, ,《新闻花絮》,建国广播有限公司,,一般广播节目奖,新闻报导节目,,第6届,1970,1970年3月25日 (1970-03-25),台湾台北市统一饭店,中国台湾,“教育部文化局”,锺皎光(“教育部长”), ,
优等奖, ,《录音报导》,军中播音总队国光军中电台,,一般广播节目奖,新闻报导节目,,第6届,1970,1970年3月25日 (1970-03-25),台湾台北市统一饭店,中国台湾,“教育部文化局”,锺皎光(“教育部长”), ,
优等奖, ,《金门行》,震华广播股份有限公司,,一般广播节目奖,新闻报导节目,,第6届,1970,1970年3月25日 (1970-03-25),台湾台北市统一饭店,中国台湾,“教育部文化局”,锺皎光(“教育部长”), ,
优等奖, ,《遗晖永在》,中国广播公司台南广播电台,,一般广播节目奖,新闻报导节目,,第6届,1970,1970年3月25日 (1970-03-25),台湾台北市统一饭店,中国台湾,“教育部文化局”,锺皎光(“教育部长”), ,
最佳奖, ,《军中晨光》,军中播音总队花莲军中电台,,一般广播节目奖,教学节目,,第6届,1970,1970年3月25日 (1970-03-25),台湾台北市统一饭店,中国台湾,“教育部文化局”,锺皎光(“教育部长”), ,
优等奖, ,《我们的园地》,军中播音总队澎湖军中电台,,一般广播节目奖,教学节目,,第6届,1970,1970年3月25日 (1970-03-25),台湾台北市统一饭店,中国台湾,“教育部文化局”,锺皎光(“教育部长”), ,
优等奖, ,《政教园地》,军中播音总队台北军中电台,,一般广播节目奖,教学节目,,第6届,1970,1970年3月25日 (1970-03-25),台湾台北市统一饭店,中国台湾,“教育部文化局”,锺皎光(“教育部长”), ,
优等奖, ,《军歌教唱》,军中播音总队国光军中电台,,一般广播节目奖,教学节目,,第6届,1970,1970年3月25日 (1970-03-25),台湾台北市统一饭店,中国台湾,“教育部文化局”,锺皎光(“教育部长”), ,
最佳奖, ,《幸福家庭剧场－夫妇四四二》,益世广播电台,,一般广播节目奖,家庭节目,,第6届,1970,1970年3月25日 (1970-03-25),台湾台北市统一饭店,中国台湾,“教育部文化局”,锺皎光(“教育部长”), ,
优等奖, ,《时代家庭》,胜利之声广播电台,,一般广播节目奖,家庭节目,,第6届,1970,1970年3月25日 (1970-03-25),台湾台北市统一饭店,中国台湾,“教育部文化局”,锺皎光(“教育部长”), ,
优等奖, ,《我们的家庭－爱的蓓蕾》,幼狮广播电台,,一般广播节目奖,家庭节目,,第6届,1970,1970年3月25日 (1970-03-25),台湾台北市统一饭店,中国台湾,“教育部文化局”,锺皎光(“教育部长”), ,
优等奖, ,《妇女杂志》,警察广播电台,,一般广播节目奖,家庭节目,,第6届,1970,1970年3月25日 (1970-03-25),台湾台北市统一饭店,中国台湾,“教育部文化局”,锺皎光(“教育部长”), ,
最佳奖, ,《儿童时间》,中国广播公司苗栗广播电台,,一般广播节目奖,儿童节目,,第6届,1970,1970年3月25日 (1970-03-25),台湾台北市统一饭店,中国台湾,“教育部文化局”,锺皎光(“教育部长”), ,
优等奖, ,《星期儿童时间》,军中播音总队台北军中电台,,一般广播节目奖,儿童节目,,第6届,1970,1970年3月25日 (1970-03-25),台湾台北市统一饭店,中国台湾,“教育部文化局”,锺皎光(“教育部长”), ,
优等奖, ,《儿童世界》,中国广播公司高雄广播电台,,一般广播节目奖,儿童节目,,第6届,1970,1970年3月25日 (1970-03-25),台湾台北市统一饭店,中国台湾,“教育部文化局”,锺皎光(“教育部长”), ,
优等奖, ,《模范儿童》,电声广播电台,,一般广播节目奖,儿童节目,,第6届,1970,1970年3月25日 (1970-03-25),台湾台北市统一饭店,中国台湾,“教育部文化局”,锺皎光(“教育部长”), ,
最佳奖, ,《从缺》,从缺,,一般广播节目奖,广告节目,,第6届,1970,1970年3月25日 (1970-03-25),台湾台北市统一饭店,中国台湾,“教育部文化局”,锺皎光(“教育部长”), ,
优等奖, ,《国货橱窗》,凤鸣广播电台,,一般广播节目奖,广告节目,,第6届,1970,1970年3月25日 (1970-03-25),台湾台北市统一饭店,中国台湾,“教育部文化局”,锺皎光(“教育部长”), ,
优等奖, ,《万象厅》,凤鸣广播电台,,一般广播节目奖,广告节目,,第6届,1970,1970年3月25日 (1970-03-25),台湾台北市统一饭店,中国台湾,“教育部文化局”,锺皎光(“教育部长”), ,
优等奖, ,《美琪时间》,民本广播电台,,一般广播节目奖,广告节目,,第6届,1970,1970年3月25日 (1970-03-25),台湾台北市统一饭店,中国台湾,“教育部文化局”,锺皎光(“教育部长”), ,
最佳奖, ,《爱与敬》,军中播音总队桃园军中电台,,一般广播节目奖,戏剧节目,,第6届,1970,1970年3月25日 (1970-03-25),台湾台北市统一饭店,中国台湾,“教育部文化局”,锺皎光(“教育部长”), ,
优等奖, ,《国恩家庆》,空军广播电台,,一般广播节目奖,戏剧节目,,第6届,1970,1970年3月25日 (1970-03-25),台湾台北市统一饭店,中国台湾,“教育部文化局”,锺皎光(“教育部长”), ,
优等奖, ,《岸上风云》,复兴广播电台,,一般广播节目奖,戏剧节目,,第6届,1970,1970年3月25日 (1970-03-25),台湾台北市统一饭店,中国台湾,“教育部文化局”,锺皎光(“教育部长”), ,
优等奖, ,《成仁取义》,凤鸣广播电台,,一般广播节目奖,戏剧节目,,第6届,1970,1970年3月25日 (1970-03-25),台湾台北市统一饭店,中国台湾,“教育部文化局”,锺皎光(“教育部长”), ,
最佳奖, ,《音乐厅》,复兴岗军中广播电台,,一般广播节目奖,音乐节目,,第6届,1970,1970年3月25日 (1970-03-25),台湾台北市统一饭店,中国台湾,“教育部文化局”,锺皎光(“教育部长”), ,
优等奖, ,《空中乐府》,复兴广播电台,,一般广播节目奖,音乐节目,,第6届,1970,1970年3月25日 (1970-03-25),台湾台北市统一饭店,中国台湾,“教育部文化局”,锺皎光(“教育部长”), ,
优等奖, ,《联合音乐会剪辑》,中国广播公司台南广播电台,,一般广播节目奖,音乐节目,,第6届,1970,1970年3月25日 (1970-03-25),台湾台北市统一饭店,中国台湾,“教育部文化局”,锺皎光(“教育部长”), ,
优等奖, ,《音乐花束》,军中播音总队台北军中电台,,一般广播节目奖,音乐节目,,第6届,1970,1970年3月25日 (1970-03-25),台湾台北市统一饭店,中国台湾,“教育部文化局”,锺皎光(“教育部长”), ,
最佳奖, ,《说说唱唱》,民防广播电台,,一般广播节目奖,综合娱乐节目,,第6届,1970,1970年3月25日 (1970-03-25),台湾台北市统一饭店,中国台湾,“教育部文化局”,锺皎光(“教育部长”), ,
优等奖, ,《温暖的大家庭》,军中播音总队国光军中电台,,一般广播节目奖,综合娱乐节目,,第6届,1970,1970年3月25日 (1970-03-25),台湾台北市统一饭店,中国台湾,“教育部文化局”,锺皎光(“教育部长”), ,
优等奖, ,《警民之声》,警察广播电台高雄分台,,一般广播节目奖,综合娱乐节目,,第6届,1970,1970年3月25日 (1970-03-25),台湾台北市统一饭店,中国台湾,“教育部文化局”,锺皎光(“教育部长”), ,
优等奖, ,《空中歌厅》,警察广播电台,,一般广播节目奖,综合娱乐节目,,第6届,1970,1970年3月25日 (1970-03-25),台湾台北市统一饭店,中国台湾,“教育部文化局”,锺皎光(“教育部长”), ,
最佳奖, ,《说说唱唱》,民防广播电台,,一般广播节目奖,综合文艺节目,,第6届,1970,1970年3月25日 (1970-03-25),台湾台北市统一饭店,中国台湾,“教育部文化局”,锺皎光(“教育部长”), ,
优等奖, ,《温暖的大家庭》,军中播音总队国光军中电台,,一般广播节目奖,综合文艺节目,,第6届,1970,1970年3月25日 (1970-03-25),台湾台北市统一饭店,中国台湾,“教育部文化局”,锺皎光(“教育部长”), ,
优等奖, ,《警民之声》,警察广播电台高雄分台,,一般广播节目奖,综合文艺节目,,第6届,1970,1970年3月25日 (1970-03-25),台湾台北市统一饭店,中国台湾,“教育部文化局”,锺皎光(“教育部长”), ,
优等奖, ,《空中歌厅》,警察广播电台,,一般广播节目奖,综合文艺节目,,第6届,1970,1970年3月25日 (1970-03-25),台湾台北市统一饭店,中国台湾,“教育部文化局”,锺皎光(“教育部长”), ,
最佳奖, ,《对中共空军谈话》,空军广播电台,,对大陆广播节目奖,新闻评论节目,,第6届,1970,1970年3月25日 (1970-03-25),台湾台北市统一饭店,中国台湾,“教育部文化局”,锺皎光(“教育部长”), ,
优等奖, ,《想一想》,中央广播电台,,对大陆广播节目奖,新闻评论节目,,第6届,1970,1970年3月25日 (1970-03-25),台湾台北市统一饭店,中国台湾,“教育部文化局”,锺皎光(“教育部长”), ,
优等奖, ,《请听听和你们不同的意见》,光华广播电台,,对大陆广播节目奖,新闻评论节目,,第6届,1970,1970年3月25日 (1970-03-25),台湾台北市统一饭店,中国台湾,“教育部文化局”,锺皎光(“教育部长”), ,
优等奖, ,《一周评论》,正义之声广播电台,,对大陆广播节目奖,新闻评论节目,,第6届,1970,1970年3月25日 (1970-03-25),台湾台北市统一饭店,中国台湾,“教育部文化局”,锺皎光(“教育部长”), ,
最佳奖, ,《新闻特写》,空军广播电台,,对大陆广播节目奖,新闻报导节目,,第6届,1970,1970年3月25日 (1970-03-25),台湾台北市统一饭店,中国台湾,“教育部文化局”,锺皎光(“教育部长”), ,
优等奖, ,《录音报导》,中央广播电台,,对大陆广播节目奖,新闻报导节目,,第6届,1970,1970年3月25日 (1970-03-25),台湾台北市统一饭店,中国台湾,“教育部文化局”,锺皎光(“教育部长”), ,
优等奖, ,《怒火燎原》,正义之声广播电台,,对大陆广播节目奖,新闻报导节目,,第6届,1970,1970年3月25日 (1970-03-25),台湾台北市统一饭店,中国台湾,“教育部文化局”,锺皎光(“教育部长”), ,
优等奖, ,《新闻特写》,军中播音总队澎湖军中电台,,对大陆广播节目奖,新闻报导节目,,第6届,1970,1970年3月25日 (1970-03-25),台湾台北市统一饭店,中国台湾,“教育部文化局”,锺皎光(“教育部长”), ,
最佳奖, ,《对口相声》,中央广播电台,,对大陆广播节目奖,综合文艺节目,,第6届,1970,1970年3月25日 (1970-03-25),台湾台北市统一饭店,中国台湾,“教育部文化局”,锺皎光(“教育部长”), ,
优等奖, ,《艺文世界》,正义之声广播电台,,对大陆广播节目奖,综合文艺节目,,第6届,1970,1970年3月25日 (1970-03-25),台湾台北市统一饭店,中国台湾,“教育部文化局”,锺皎光(“教育部长”), ,
优等奖, ,《边塞风云》,中央广播电台,,对大陆广播节目奖,综合文艺节目,,第6届,1970,1970年3月25日 (1970-03-25),台湾台北市统一饭店,中国台湾,“教育部文化局”,锺皎光(“教育部长”), ,
优等奖, ,《红旗恨》,光华电台,,对大陆广播节目奖,综合文艺节目,,第6届,1970,1970年3月25日 (1970-03-25),台湾台北市统一饭店,中国台湾,“教育部文化局”,锺皎光(“教育部长”), ,
最佳奖, ,《和工农朋友谈天》,正义之声广播电台,,对大陆广播节目奖,特定节目,,第6届,1970,1970年3月25日 (1970-03-25),台湾台北市统一饭店,中国台湾,“教育部文化局”,锺皎光(“教育部长”), ,
优等奖, ,《铁幕夜话》,光华广播电台,,对大陆广播节目奖,特定节目,,第6届,1970,1970年3月25日 (1970-03-25),台湾台北市统一饭店,中国台湾,“教育部文化局”,锺皎光(“教育部长”), ,
优等奖, ,《重建大陆》,中央广播电台,,对大陆广播节目奖,特定节目,,第6届,1970,1970年3月25日 (1970-03-25),台湾台北市统一饭店,中国台湾,“教育部文化局”,锺皎光(“教育部长”), ,
优等奖, ,《剥毛泽东的画皮》,光华广播电台,,对大陆广播节目奖,特定节目,,第6届,1970,1970年3月25日 (1970-03-25),台湾台北市统一饭店,中国台湾,“教育部文化局”,锺皎光(“教育部长”), ,
最佳奖,郭婉华,《翠堤春晓》,民本广播电台,,个人技术奖,编辑奖,,第6届,1970,1970年3月25日 (1970-03-25),台湾台北市统一饭店,中国台湾,“教育部文化局”,锺皎光(“教育部长”), ,
优等奖,蔡　好,《新闻花絮》,建国广播有限公司,,个人技术奖,编辑奖,,第6届,1970,1970年3月25日 (1970-03-25),台湾台北市统一饭店,中国台湾,“教育部文化局”,锺皎光(“教育部长”), ,
优等奖,唐　冀,《爱与敬》,军中播音总队桃园军中电台,,个人技术奖,编辑奖,,第6届,1970,1970年3月25日 (1970-03-25),台湾台北市统一饭店,中国台湾,“教育部文化局”,锺皎光(“教育部长”), ,
优等奖,沈　靖,《军中晨光》,军中播音总队花莲军中电台,,个人技术奖,编辑奖,,第6届,1970,1970年3月25日 (1970-03-25),台湾台北市统一饭店,中国台湾,“教育部文化局”,锺皎光(“教育部长”), ,
最佳奖,郑庆龙,《巧夺天工》,中国广播公司嘉义广播电台,,个人技术奖,导播奖,,第6届,1970,1970年3月25日 (1970-03-25),台湾台北市统一饭店,中国台湾,“教育部文化局”,锺皎光(“教育部长”), ,
优等奖,唐　冀,《义父》,军中播音总队台北军中电台,,个人技术奖,导播奖,,第6届,1970,1970年3月25日 (1970-03-25),台湾台北市统一饭店,中国台湾,“教育部文化局”,锺皎光(“教育部长”), ,
优等奖,冯逵礽,《桃园夜谭》,军中播音总队桃园军中电台,,个人技术奖,导播奖,,第6届,1970,1970年3月25日 (1970-03-25),台湾台北市统一饭店,中国台湾,“教育部文化局”,锺皎光(“教育部长”), ,
优等奖,金培凯,《三结合》,中央广播电台,,个人技术奖,导播奖,,第6届,1970,1970年3月25日 (1970-03-25),台湾台北市统一饭店,中国台湾,“教育部文化局”,锺皎光(“教育部长”), ,
最佳奖,蔡丽蓉（李娟）,《政教园地》,军中播音总队台北军中电台,,个人技术奖,播音奖,,第6届,1970,1970年3月25日 (1970-03-25),台湾台北市统一饭店,中国台湾,“教育部文化局”,锺皎光(“教育部长”), ,
优等奖,蔡　好,《新闻花絮》,建国广播有限公司,,个人技术奖,播音奖,,第6届,1970,1970年3月25日 (1970-03-25),台湾台北市统一饭店,中国台湾,“教育部文化局”,锺皎光(“教育部长”), ,
优等奖,曹惠美,《家庭计划》,中国广播公司台湾广播电台,,个人技术奖,播音奖,,第6届,1970,1970年3月25日 (1970-03-25),台湾台北市统一饭店,中国台湾,“教育部文化局”,锺皎光(“教育部长”), ,
优等奖,王微娟,《新闻特写》,空军广播电台,,个人技术奖,播音奖,,第6届,1970,1970年3月25日 (1970-03-25),台湾台北市统一饭店,中国台湾,“教育部文化局”,锺皎光(“教育部长”), ,
特别奖,涂裔辉,《马思聪的心声》,中央广播电台,,个人技术奖,播音奖,,第6届,1970,1970年3月25日 (1970-03-25),台湾台北市统一饭店,中国台湾,“教育部文化局”,锺皎光(“教育部长”), ,
最佳奖,李伯元,《金门行》,震华广播股份有限公司,,个人技术奖,采访奖,,第6届,1970,1970年3月25日 (1970-03-25),台湾台北市统一饭店,中国台湾,“教育部文化局”,锺皎光(“教育部长”), ,
优等奖,汪全治、钱测云、鲍世济、陈晓君,《新闻集锦》,民防广播电台,,个人技术奖,采访奖,,第6届,1970,1970年3月25日 (1970-03-25),台湾台北市统一饭店,中国台湾,“教育部文化局”,锺皎光(“教育部长”), ,
优等奖,耿震寰,《新闻报导》,中国广播公司台东广播电台,,个人技术奖,采访奖,,第6届,1970,1970年3月25日 (1970-03-25),台湾台北市统一饭店,中国台湾,“教育部文化局”,锺皎光(“教育部长”), ,
优等奖,杨蕙兰（柳青）,《柳青时间》,中国广播公司台东广播电台,,个人技术奖,采访奖,,第6届,1970,1970年3月25日 (1970-03-25),台湾台北市统一饭店,中国台湾,“教育部文化局”,锺皎光(“教育部长”), ,
获奖, ,《锦绣河山》,台湾电视公司,,甄选节目,社会建设服务节目奖,,第6届,1970,1970年3月25日 (1970-03-25),台湾台北市统一饭店,中国台湾,“教育部文化局”,锺皎光(“教育部长”), ,
获奖, ,《大同世界》,台湾电视公司,,甄选节目,社会建设服务节目奖,,第6届,1970,1970年3月25日 (1970-03-25),台湾台北市统一饭店,中国台湾,“教育部文化局”,锺皎光(“教育部长”), ,
获奖, ,《新闻分析》,台湾电视公司,,甄选节目,社会建设服务节目奖,,第6届,1970,1970年3月25日 (1970-03-25),台湾台北市统一饭店,中国台湾,“教育部文化局”,锺皎光(“教育部长”), ,
获奖, ,《政府与民众》,台湾电视公司,,甄选节目,社会建设服务节目奖,,第6届,1970,1970年3月25日 (1970-03-25),台湾台北市统一饭店,中国台湾,“教育部文化局”,锺皎光(“教育部长”), ,
获奖, ,《谈天下事》,中国广播公司,,甄选节目,社会建设服务节目奖,,第6届,1970,1970年3月25日 (1970-03-25),台湾台北市统一饭店,中国台湾,“教育部文化局”,锺皎光(“教育部长”), ,
获奖, ,《音乐风》,中国广播公司,,甄选节目,社会建设服务节目奖,,第6届,1970,1970年3月25日 (1970-03-25),台湾台北市统一饭店,中国台湾,“教育部文化局”,锺皎光(“教育部长”), ,
获奖, ,《总统嘉言歌曲》,中国广播公司,,甄选节目,社会建设服务节目奖,,第6届,1970,1970年3月25日 (1970-03-25),台湾台北市统一饭店,中国台湾,“教育部文化局”,锺皎光(“教育部长”), ,
获奖, ,《小说选播》,中国广播公司,,甄选节目,社会建设服务节目奖,,第6届,1970,1970年3月25日 (1970-03-25),台湾台北市统一饭店,中国台湾,“教育部文化局”,锺皎光(“教育部长”), ,
获奖, ,《平心而论》,中国广播公司台南广播电台,,甄选节目,社会建设服务节目奖,,第6届,1970,1970年3月25日 (1970-03-25),台湾台北市统一饭店,中国台湾,“教育部文化局”,锺皎光(“教育部长”), ,
获奖, ,《三家村夜话》,中央广播电台,,甄选节目,社会建设服务节目奖,,第6届,1970,1970年3月25日 (1970-03-25),台湾台北市统一饭店,中国台湾,“教育部文化局”,锺皎光(“教育部长”), ,
获奖, ,《和共干谈问题》,中央广播电台,,甄选节目,社会建设服务节目奖,,第6届,1970,1970年3月25日 (1970-03-25),台湾台北市统一饭店,中国台湾,“教育部文化局”,锺皎光(“教育部长”), ,
获奖, ,《讨毛救国运动》,中央广播电台,,甄选节目,社会建设服务节目奖,,第6届,1970,1970年3月25日 (1970-03-25),台湾台北市统一饭店,中国台湾,“教育部文化局”,锺皎光(“教育部长”), ,
获奖, ,《陆光俱乐部》,军中播音总队台北军中电台,,甄选节目,社会建设服务节目奖,,第6届,1970,1970年3月25日 (1970-03-25),台湾台北市统一饭店,中国台湾,“教育部文化局”,锺皎光(“教育部长”), ,
获奖, ,《人情味短剧》,军中播音总队台北军中电台,,甄选节目,社会建设服务节目奖,,第6届,1970,1970年3月25日 (1970-03-25),台湾台北市统一饭店,中国台湾,“教育部文化局”,锺皎光(“教育部长”), ,
获奖, ,《军眷俱乐部》,军中播音总队台北军中电台,,甄选节目,社会建设服务节目奖,,第6届,1970,1970年3月25日 (1970-03-25),台湾台北市统一饭店,中国台湾,“教育部文化局”,锺皎光(“教育部长”), ,
获奖, ,《我们的园地》,军中播音总队台北军中电台,,甄选节目,社会建设服务节目奖,,第6届,1970,1970年3月25日 (1970-03-25),台湾台北市统一饭店,中国台湾,“教育部文化局”,锺皎光(“教育部长”), ,
获奖, ,《广播短评》,军中播音总队台北军中电台,,甄选节目,社会建设服务节目奖,,第6届,1970,1970年3月25日 (1970-03-25),台湾台北市统一饭店,中国台湾,“教育部文化局”,锺皎光(“教育部长”), ,
获奖, ,《幸福家庭》,复兴广播电台,,甄选节目,社会建设服务节目奖,,第6届,1970,1970年3月25日 (1970-03-25),台湾台北市统一饭店,中国台湾,“教育部文化局”,锺皎光(“教育部长”), ,
获奖, ,《战斗文艺》,复兴广播电台,,甄选节目,社会建设服务节目奖,,第6届,1970,1970年3月25日 (1970-03-25),台湾台北市统一饭店,中国台湾,“教育部文化局”,锺皎光(“教育部长”), ,
获奖, ,《今日铁幕》,复兴广播电台,,甄选节目,社会建设服务节目奖,,第6届,1970,1970年3月25日 (1970-03-25),台湾台北市统一饭店,中国台湾,“教育部文化局”,锺皎光(“教育部长”), ,
获奖, ,《匪情分析座谈会》,复兴广播电台,,甄选节目,社会建设服务节目奖,,第6届,1970,1970年3月25日 (1970-03-25),台湾台北市统一饭店,中国台湾,“教育部文化局”,锺皎光(“教育部长”), ,
获奖, ,《法律服务》,新竹复兴电台,,甄选节目,社会建设服务节目奖,,第6届,1970,1970年3月25日 (1970-03-25),台湾台北市统一饭店,中国台湾,“教育部文化局”,锺皎光(“教育部长”), ,
获奖, ,《匪情报导》,嘉义复兴电台,,甄选节目,社会建设服务节目奖,,第6届,1970,1970年3月25日 (1970-03-25),台湾台北市统一饭店,中国台湾,“教育部文化局”,锺皎光(“教育部长”), ,
获奖, ,《兴大道》,高雄复兴电台,,甄选节目,社会建设服务节目奖,,第6届,1970,1970年3月25日 (1970-03-25),台湾台北市统一饭店,中国台湾,“教育部文化局”,锺皎光(“教育部长”), ,
获奖, ,《空中法律问题》,警察广播电台,,甄选节目,社会建设服务节目奖,,第6届,1970,1970年3月25日 (1970-03-25),台湾台北市统一饭店,中国台湾,“教育部文化局”,锺皎光(“教育部长”), ,
获奖, ,《雪中送炭》,警察广播电台,,甄选节目,社会建设服务节目奖,,第6届,1970,1970年3月25日 (1970-03-25),台湾台北市统一饭店,中国台湾,“教育部文化局”,锺皎光(“教育部长”), ,
获奖, ,《就事论事》,警察广播电台,,甄选节目,社会建设服务节目奖,,第6届,1970,1970年3月25日 (1970-03-25),台湾台北市统一饭店,中国台湾,“教育部文化局”,锺皎光(“教育部长”), ,
获奖, ,《警民之声》,高雄警察电台,,甄选节目,社会建设服务节目奖,,第6届,1970,1970年3月25日 (1970-03-25),台湾台北市统一饭店,中国台湾,“教育部文化局”,锺皎光(“教育部长”), ,
获奖, ,《新闻广播剧》,民防广播电台,,甄选节目,社会建设服务节目奖,,第6届,1970,1970年3月25日 (1970-03-25),台湾台北市统一饭店,中国台湾,“教育部文化局”,锺皎光(“教育部长”), ,
获奖, ,《生活规范》,民防广播电台,,甄选节目,社会建设服务节目奖,,第6届,1970,1970年3月25日 (1970-03-25),台湾台北市统一饭店,中国台湾,“教育部文化局”,锺皎光(“教育部长”), ,
获奖, ,《后备军人广播短剧》,民防广播电台,,甄选节目,社会建设服务节目奖,,第6届,1970,1970年3月25日 (1970-03-25),台湾台北市统一饭店,中国台湾,“教育部文化局”,锺皎光(“教育部长”), ,
获奖, ,《新闻座谈会》,正声广播公司,,甄选节目,社会建设服务节目奖,,第6届,1970,1970年3月25日 (1970-03-25),台湾台北市统一饭店,中国台湾,“教育部文化局”,锺皎光(“教育部长”), ,
获奖, ,《今日短评暨所属农民广播电台农业节目》,正声广播公司,,甄选节目,社会建设服务节目奖,,第6届,1970,1970年3月25日 (1970-03-25),台湾台北市统一饭店,中国台湾,“教育部文化局”,锺皎光(“教育部长”), ,
